{"cameraMode":{"drawMode":0,"name":"Shaded","section":"Shading Mode"},"sceneLighting":false,"audioPlay":false,"sceneViewState":{"showFog":true,"showMaterialUpdate":true,"showSkybox":true,"showFlares":true,"showImageEffects":true,"showParticleSystems":true},"in2DMode":false,"pivot":{"x":-2.2608025074005129,"y":-0.5913299918174744,"z":11.453722953796387},"rotation":{"x":-0.20497748255729676,"y":0.4935992658138275,"z":-0.12095413357019425,"w":-0.8364890217781067},"size":10.0,"orthographic":false}